Temperatura 1,Temperatura 2,Temperatura 3,Media_temperaturas
25.1,28.7,25.7,26.5
24.5,27.9,28.8,27.066666666666666
23.7,27.3,29.0,26.666666666666668
23.7,26.8,28.0,26.166666666666668
23.1,26.4,25.1,24.866666666666664
23.1,26.4,27.4,25.633333333333336
24.1,26.1,,25.1
23.9,25.9,28.1,25.96666666666667
24.0,25.9,28.2,26.03333333333333
24.4,25.8,28.5,26.233333333333334
